[{"model": "admin.logentry", "pk": 1, "fields": {"action_time": "2022-12-20T17:12:30.048Z", "user": 1, "content_type": 13, "object_id": "1", "object_repr": "Gluten", "action_flag": 1, "change_message": "[{\"added\": {}}]"}}, {"model": "admin.logentry", "pk": 2, "fields": {"action_time": "2022-12-20T17:13:02.388Z", "user": 1, "content_type": 9, "object_id": "1", "object_repr": "tomate", "action_flag": 1, "change_message": "[{\"added\": {}}]"}}, {"model": "admin.logentry", "pk": 3, "fields": {"action_time": "2022-12-20T17:13:22.487Z", "user": 1, "content_type": 9, "object_id": "2", "object_repr": "mozzarella", "action_flag": 1, "change_message": "[{\"added\": {}}]"}}, {"model": "admin.logentry", "pk": 4, "fields": {"action_time": "2022-12-20T17:13:32.345Z", "user": 1, "content_type": 9, "object_id": "3", "object_repr": "origan", "action_flag": 1, "change_message": "[{\"added\": {}}]"}}, {"model": "admin.logentry", "pk": 5, "fields": {"action_time": "2022-12-20T17:42:46.056Z", "user": 1, "content_type": 10, "object_id": "1", "object_repr": "Marguerita", "action_flag": 1, "change_message": "[{\"added\": {}}]"}}, {"model": "admin.logentry", "pk": 6, "fields": {"action_time": "2022-12-21T09:40:04.692Z", "user": 1, "content_type": 10, "object_id": "2", "object_repr": "pancetta", "action_flag": 1, "change_message": "[{\"added\": {}}]"}}, {"model": "admin.logentry", "pk": 7, "fields": {"action_time": "2022-12-21T09:42:35.386Z", "user": 1, "content_type": 10, "object_id": "3", "object_repr": "87", "action_flag": 1, "change_message": "[{\"added\": {}}]"}}, {"model": "admin.logentry", "pk": 8, "fields": {"action_time": "2022-12-21T09:54:16.107Z", "user": 1, "content_type": 10, "object_id": "2", "object_repr": "pancetta", "action_flag": 3, "change_message": ""}}, {"model": "admin.logentry", "pk": 9, "fields": {"action_time": "2022-12-21T09:54:16.185Z", "user": 1, "content_type": 10, "object_id": "3", "object_repr": "87", "action_flag": 3, "change_message": ""}}, {"model": "admin.logentry", "pk": 10, "fields": {"action_time": "2022-12-21T09:54:16.252Z", "user": 1, "content_type": 10, "object_id": "1", "object_repr": "Marguerita", "action_flag": 3, "change_message": ""}}, {"model": "admin.logentry", "pk": 11, "fields": {"action_time": "2022-12-21T10:56:48.928Z", "user": 1, "content_type": 13, "object_id": "2", "object_repr": "Crustacés", "action_flag": 1, "change_message": "[{\"added\": {}}]"}}, {"model": "admin.logentry", "pk": 12, "fields": {"action_time": "2022-12-21T10:56:53.980Z", "user": 1, "content_type": 13, "object_id": "3", "object_repr": "Oeuf", "action_flag": 1, "change_message": "[{\"added\": {}}]"}}, {"model": "admin.logentry", "pk": 13, "fields": {"action_time": "2022-12-21T10:56:59.275Z", "user": 1, "content_type": 13, "object_id": "4", "object_repr": "Poisson", "action_flag": 1, "change_message": "[{\"added\": {}}]"}}, {"model": "admin.logentry", "pk": 14, "fields": {"action_time": "2022-12-21T10:57:22.821Z", "user": 1, "content_type": 13, "object_id": "5", "object_repr": "Lait (lactose)", "action_flag": 1, "change_message": "[{\"added\": {}}]"}}, {"model": "admin.logentry", "pk": 15, "fields": {"action_time": "2022-12-21T10:57:30.975Z", "user": 1, "content_type": 13, "object_id": "6", "object_repr": "Sulfites", "action_flag": 1, "change_message": "[{\"added\": {}}]"}}, {"model": "admin.logentry", "pk": 16, "fields": {"action_time": "2022-12-21T10:57:37.018Z", "user": 1, "content_type": 13, "object_id": "7", "object_repr": "Mollusques", "action_flag": 1, "change_message": "[{\"added\": {}}]"}}, {"model": "admin.logentry", "pk": 17, "fields": {"action_time": "2022-12-21T10:57:42.844Z", "user": 1, "content_type": 13, "object_id": "8", "object_repr": "Arachides", "action_flag": 1, "change_message": "[{\"added\": {}}]"}}, {"model": "admin.logentry", "pk": 18, "fields": {"action_time": "2022-12-21T10:59:13.577Z", "user": 1, "content_type": 7, "object_id": "1", "object_repr": "Coca-cola", "action_flag": 1, "change_message": "[{\"added\": {}}]"}}, {"model": "admin.logentry", "pk": 19, "fields": {"action_time": "2022-12-21T10:59:28.482Z", "user": 1, "content_type": 7, "object_id": "2", "object_repr": "Coca-cola zéro", "action_flag": 1, "change_message": "[{\"added\": {}}]"}}, {"model": "admin.logentry", "pk": 20, "fields": {"action_time": "2022-12-21T10:59:34.644Z", "user": 1, "content_type": 7, "object_id": "3", "object_repr": "Fanta", "action_flag": 1, "change_message": "[{\"added\": {}}]"}}, {"model": "admin.logentry", "pk": 21, "fields": {"action_time": "2022-12-21T10:59:42.448Z", "user": 1, "content_type": 7, "object_id": "4", "object_repr": "Sprite", "action_flag": 1, "change_message": "[{\"added\": {}}]"}}, {"model": "admin.logentry", "pk": 22, "fields": {"action_time": "2022-12-21T10:59:52.300Z", "user": 1, "content_type": 7, "object_id": "5", "object_repr": "Ice Tea", "action_flag": 1, "change_message": "[{\"added\": {}}]"}}, {"model": "admin.logentry", "pk": 23, "fields": {"action_time": "2022-12-21T11:00:01.145Z", "user": 1, "content_type": 7, "object_id": "6", "object_repr": "Jupiler", "action_flag": 1, "change_message": "[{\"added\": {}}]"}}, {"model": "admin.logentry", "pk": 24, "fields": {"action_time": "2022-12-21T11:00:12.755Z", "user": 1, "content_type": 7, "object_id": "7", "object_repr": "Vin Rouge", "action_flag": 1, "change_message": "[{\"added\": {}}]"}}, {"model": "admin.logentry", "pk": 25, "fields": {"action_time": "2022-12-21T11:00:23.282Z", "user": 1, "content_type": 7, "object_id": "8", "object_repr": "Vin rosé", "action_flag": 1, "change_message": "[{\"added\": {}}]"}}, {"model": "admin.logentry", "pk": 26, "fields": {"action_time": "2022-12-21T11:00:38.856Z", "user": 1, "content_type": 7, "object_id": "9", "object_repr": "Vin blanc", "action_flag": 1, "change_message": "[{\"added\": {}}]"}}, {"model": "admin.logentry", "pk": 27, "fields": {"action_time": "2022-12-21T11:01:50.960Z", "user": 1, "content_type": 12, "object_id": "1", "object_repr": "Pain à l'ail", "action_flag": 1, "change_message": "[{\"added\": {}}]"}}, {"model": "admin.logentry", "pk": 28, "fields": {"action_time": "2022-12-21T11:02:13.331Z", "user": 1, "content_type": 12, "object_id": "2", "object_repr": "Pain à l'ail avec lardons", "action_flag": 1, "change_message": "[{\"added\": {}}]"}}, {"model": "admin.logentry", "pk": 29, "fields": {"action_time": "2022-12-21T11:03:19.550Z", "user": 1, "content_type": 10, "object_id": "4", "object_repr": "a", "action_flag": 1, "change_message": "[{\"added\": {}}]"}}, {"model": "admin.logentry", "pk": 30, "fields": {"action_time": "2022-12-21T11:03:33.317Z", "user": 1, "content_type": 10, "object_id": "5", "object_repr": "b", "action_flag": 1, "change_message": "[{\"added\": {}}]"}}, {"model": "admin.logentry", "pk": 31, "fields": {"action_time": "2022-12-21T11:03:54.657Z", "user": 1, "content_type": 10, "object_id": "4", "object_repr": "a", "action_flag": 2, "change_message": "[{\"changed\": {\"fields\": [\"Image\"]}}]"}}, {"model": "admin.logentry", "pk": 32, "fields": {"action_time": "2022-12-21T11:04:30.778Z", "user": 1, "content_type": 10, "object_id": "4", "object_repr": "a", "action_flag": 3, "change_message": ""}}, {"model": "admin.logentry", "pk": 33, "fields": {"action_time": "2022-12-21T11:04:30.810Z", "user": 1, "content_type": 10, "object_id": "5", "object_repr": "b", "action_flag": 3, "change_message": ""}}, {"model": "admin.logentry", "pk": 34, "fields": {"action_time": "2022-12-21T11:07:47.155Z", "user": 1, "content_type": 9, "object_id": "4", "object_repr": "sauce bolognèse maison", "action_flag": 1, "change_message": "[{\"added\": {}}]"}}, {"model": "admin.logentry", "pk": 35, "fields": {"action_time": "2022-12-21T11:08:15.498Z", "user": 1, "content_type": 9, "object_id": "5", "object_repr": "câpres", "action_flag": 1, "change_message": "[{\"added\": {}}]"}}, {"model": "admin.logentry", "pk": 36, "fields": {"action_time": "2022-12-21T11:08:27.375Z", "user": 1, "content_type": 9, "object_id": "6", "object_repr": "anchois", "action_flag": 1, "change_message": "[{\"added\": {}}]"}}, {"model": "admin.logentry", "pk": 37, "fields": {"action_time": "2022-12-21T11:08:38.247Z", "user": 1, "content_type": 9, "object_id": "7", "object_repr": "jambon", "action_flag": 1, "change_message": "[{\"added\": {}}]"}}, {"model": "admin.logentry", "pk": 38, "fields": {"action_time": "2022-12-21T11:08:50.074Z", "user": 1, "content_type": 9, "object_id": "8", "object_repr": "champignons", "action_flag": 1, "change_message": "[{\"added\": {}}]"}}, {"model": "admin.logentry", "pk": 39, "fields": {"action_time": "2022-12-21T11:08:57.986Z", "user": 1, "content_type": 9, "object_id": "9", "object_repr": "salami", "action_flag": 1, "change_message": "[{\"added\": {}}]"}}, {"model": "admin.logentry", "pk": 40, "fields": {"action_time": "2022-12-21T11:09:06.888Z", "user": 1, "content_type": 9, "object_id": "10", "object_repr": "oeufs", "action_flag": 1, "change_message": "[{\"added\": {}}]"}}, {"model": "admin.logentry", "pk": 41, "fields": {"action_time": "2022-12-21T11:09:13.384Z", "user": 1, "content_type": 9, "object_id": "11", "object_repr": "ananas", "action_flag": 1, "change_message": "[{\"added\": {}}]"}}, {"model": "admin.logentry", "pk": 42, "fields": {"action_time": "2022-12-21T11:09:30.875Z", "user": 1, "content_type": 9, "object_id": "12", "object_repr": "saucisses viennoises", "action_flag": 1, "change_message": "[{\"added\": {}}]"}}, {"model": "admin.logentry", "pk": 43, "fields": {"action_time": "2022-12-21T11:09:41.870Z", "user": 1, "content_type": 9, "object_id": "13", "object_repr": "oignons", "action_flag": 1, "change_message": "[{\"added\": {}}]"}}, {"model": "admin.logentry", "pk": 44, "fields": {"action_time": "2022-12-21T11:09:58.002Z", "user": 1, "content_type": 9, "object_id": "14", "object_repr": "olives", "action_flag": 1, "change_message": "[{\"added\": {}}]"}}, {"model": "admin.logentry", "pk": 45, "fields": {"action_time": "2022-12-21T11:10:10.378Z", "user": 1, "content_type": 9, "object_id": "15", "object_repr": "artichauts", "action_flag": 1, "change_message": "[{\"added\": {}}]"}}, {"model": "admin.logentry", "pk": 46, "fields": {"action_time": "2022-12-21T11:10:19.908Z", "user": 1, "content_type": 9, "object_id": "16", "object_repr": "gorgonzola", "action_flag": 1, "change_message": "[{\"added\": {}}]"}}, {"model": "admin.logentry", "pk": 47, "fields": {"action_time": "2022-12-21T11:10:25.892Z", "user": 1, "content_type": 9, "object_id": "17", "object_repr": "tallegio", "action_flag": 1, "change_message": "[{\"added\": {}}]"}}, {"model": "admin.logentry", "pk": 48, "fields": {"action_time": "2022-12-21T11:10:31.326Z", "user": 1, "content_type": 9, "object_id": "18", "object_repr": "parmesan", "action_flag": 1, "change_message": "[{\"added\": {}}]"}}, {"model": "admin.logentry", "pk": 49, "fields": {"action_time": "2022-12-21T11:10:46.414Z", "user": 1, "content_type": 9, "object_id": "19", "object_repr": "poivrons", "action_flag": 1, "change_message": "[{\"added\": {}}]"}}, {"model": "admin.logentry", "pk": 50, "fields": {"action_time": "2022-12-21T11:10:49.513Z", "user": 1, "content_type": 9, "object_id": "20", "object_repr": "ail", "action_flag": 1, "change_message": "[{\"added\": {}}]"}}, {"model": "admin.logentry", "pk": 51, "fields": {"action_time": "2022-12-21T11:10:57.342Z", "user": 1, "content_type": 9, "object_id": "21", "object_repr": "oeufs durs", "action_flag": 1, "change_message": "[{\"added\": {}}]"}}, {"model": "admin.logentry", "pk": 52, "fields": {"action_time": "2022-12-21T11:11:04.169Z", "user": 1, "content_type": 9, "object_id": "22", "object_repr": "aubergines", "action_flag": 1, "change_message": "[{\"added\": {}}]"}}, {"model": "admin.logentry", "pk": 53, "fields": {"action_time": "2022-12-21T11:11:19.774Z", "user": 1, "content_type": 9, "object_id": "23", "object_repr": "copeaux de parmesan", "action_flag": 1, "change_message": "[{\"added\": {}}]"}}, {"model": "admin.logentry", "pk": 54, "fields": {"action_time": "2022-12-21T11:11:29.537Z", "user": 1, "content_type": 9, "object_id": "24", "object_repr": "thon", "action_flag": 1, "change_message": "[{\"added\": {}}]"}}, {"model": "admin.logentry", "pk": 55, "fields": {"action_time": "2022-12-21T11:12:00.818Z", "user": 1, "content_type": 9, "object_id": "25", "object_repr": "épinards", "action_flag": 1, "change_message": "[{\"added\": {}}]"}}, {"model": "admin.logentry", "pk": 56, "fields": {"action_time": "2022-12-21T11:12:07.024Z", "user": 1, "content_type": 9, "object_id": "26", "object_repr": "saumon", "action_flag": 1, "change_message": "[{\"added\": {}}]"}}, {"model": "admin.logentry", "pk": 57, "fields": {"action_time": "2022-12-21T11:12:15.961Z", "user": 1, "content_type": 9, "object_id": "27", "object_repr": "chorizo", "action_flag": 1, "change_message": "[{\"added\": {}}]"}}, {"model": "admin.logentry", "pk": 58, "fields": {"action_time": "2022-12-21T11:12:36.879Z", "user": 1, "content_type": 9, "object_id": "28", "object_repr": "surprise", "action_flag": 1, "change_message": "[{\"added\": {}}]"}}, {"model": "admin.logentry", "pk": 59, "fields": {"action_time": "2022-12-21T11:12:51.872Z", "user": 1, "content_type": 9, "object_id": "29", "object_repr": "fromage de chèvre", "action_flag": 1, "change_message": "[{\"added\": {}}]"}}, {"model": "admin.logentry", "pk": 60, "fields": {"action_time": "2022-12-21T11:12:56.521Z", "user": 1, "content_type": 9, "object_id": "30", "object_repr": "lardons", "action_flag": 1, "change_message": "[{\"added\": {}}]"}}, {"model": "admin.logentry", "pk": 61, "fields": {"action_time": "2022-12-21T11:13:00.180Z", "user": 1, "content_type": 9, "object_id": "31", "object_repr": "miel", "action_flag": 1, "change_message": "[{\"added\": {}}]"}}, {"model": "admin.logentry", "pk": 62, "fields": {"action_time": "2022-12-21T11:13:10.793Z", "user": 1, "content_type": 9, "object_id": "32", "object_repr": "tomate cerise", "action_flag": 1, "change_message": "[{\"added\": {}}]"}}, {"model": "admin.logentry", "pk": 63, "fields": {"action_time": "2022-12-21T11:13:25.037Z", "user": 1, "content_type": 9, "object_id": "33", "object_repr": "mozzarella fraiche", "action_flag": 1, "change_message": "[{\"added\": {}}]"}}, {"model": "admin.logentry", "pk": 64, "fields": {"action_time": "2022-12-21T11:13:32.529Z", "user": 1, "content_type": 9, "object_id": "34", "object_repr": "basilic frais", "action_flag": 1, "change_message": "[{\"added\": {}}]"}}, {"model": "admin.logentry", "pk": 65, "fields": {"action_time": "2022-12-21T11:13:43.185Z", "user": 1, "content_type": 9, "object_id": "35", "object_repr": "moules", "action_flag": 1, "change_message": "[{\"added\": {}}]"}}, {"model": "admin.logentry", "pk": 66, "fields": {"action_time": "2022-12-21T11:13:50.368Z", "user": 1, "content_type": 9, "object_id": "36", "object_repr": "crevettes", "action_flag": 1, "change_message": "[{\"added\": {}}]"}}, {"model": "admin.logentry", "pk": 67, "fields": {"action_time": "2022-12-21T11:13:56.731Z", "user": 1, "content_type": 9, "object_id": "37", "object_repr": "calamars", "action_flag": 1, "change_message": "[{\"added\": {}}]"}}, {"model": "admin.logentry", "pk": 68, "fields": {"action_time": "2022-12-21T11:14:12.816Z", "user": 1, "content_type": 9, "object_id": "38", "object_repr": "crême", "action_flag": 1, "change_message": "[{\"added\": {}}]"}}, {"model": "admin.logentry", "pk": 69, "fields": {"action_time": "2022-12-21T11:14:23.274Z", "user": 1, "content_type": 9, "object_id": "39", "object_repr": "4 fromages", "action_flag": 1, "change_message": "[{\"added\": {}}]"}}, {"model": "admin.logentry", "pk": 70, "fields": {"action_time": "2022-12-21T11:14:32.920Z", "user": 1, "content_type": 9, "object_id": "40", "object_repr": "merguez", "action_flag": 1, "change_message": "[{\"added\": {}}]"}}, {"model": "admin.logentry", "pk": 71, "fields": {"action_time": "2022-12-21T11:14:56.396Z", "user": 1, "content_type": 9, "object_id": "41", "object_repr": "jambon de parme", "action_flag": 1, "change_message": "[{\"added\": {}}]"}}, {"model": "admin.logentry", "pk": 72, "fields": {"action_time": "2022-12-21T11:15:12.050Z", "user": 1, "content_type": 9, "object_id": "42", "object_repr": "roquette", "action_flag": 1, "change_message": "[{\"added\": {}}]"}}, {"model": "admin.logentry", "pk": 73, "fields": {"action_time": "2022-12-21T11:15:38.430Z", "user": 1, "content_type": 9, "object_id": "43", "object_repr": "crême balsamique", "action_flag": 1, "change_message": "[{\"added\": {}}]"}}, {"model": "admin.logentry", "pk": 74, "fields": {"action_time": "2022-12-21T11:15:54.170Z", "user": 1, "content_type": 9, "object_id": "44", "object_repr": "viande de gyros", "action_flag": 1, "change_message": "[{\"added\": {}}]"}}, {"model": "admin.logentry", "pk": 75, "fields": {"action_time": "2022-12-21T11:16:06.921Z", "user": 1, "content_type": 9, "object_id": "45", "object_repr": "pommes de terre", "action_flag": 1, "change_message": "[{\"added\": {}}]"}}, {"model": "admin.logentry", "pk": 76, "fields": {"action_time": "2022-12-21T11:16:14.131Z", "user": 1, "content_type": 9, "object_id": "46", "object_repr": "reblochon", "action_flag": 1, "change_message": "[{\"added\": {}}]"}}, {"model": "admin.logentry", "pk": 77, "fields": {"action_time": "2022-12-21T11:16:28.695Z", "user": 1, "content_type": 9, "object_id": "47", "object_repr": "scampis", "action_flag": 1, "change_message": "[{\"added\": {}}]"}}, {"model": "admin.logentry", "pk": 78, "fields": {"action_time": "2022-12-21T11:16:48.637Z", "user": 1, "content_type": 9, "object_id": "48", "object_repr": "fruits de mer", "action_flag": 1, "change_message": "[{\"added\": {}}]"}}, {"model": "admin.logentry", "pk": 79, "fields": {"action_time": "2022-12-21T11:17:17.110Z", "user": 1, "content_type": 9, "object_id": "49", "object_repr": "poulet", "action_flag": 1, "change_message": "[{\"added\": {}}]"}}, {"model": "admin.logentry", "pk": 80, "fields": {"action_time": "2022-12-21T11:17:54.813Z", "user": 1, "content_type": 9, "object_id": "50", "object_repr": "crème de pistaches maison", "action_flag": 1, "change_message": "[{\"added\": {}}]"}}, {"model": "admin.logentry", "pk": 81, "fields": {"action_time": "2022-12-21T11:18:15.532Z", "user": 1, "content_type": 9, "object_id": "38", "object_repr": "crème", "action_flag": 2, "change_message": "[{\"changed\": {\"fields\": [\"Nom\"]}}]"}}, {"model": "admin.logentry", "pk": 82, "fields": {"action_time": "2022-12-21T11:18:23.031Z", "user": 1, "content_type": 9, "object_id": "43", "object_repr": "crème balsamique", "action_flag": 2, "change_message": "[{\"changed\": {\"fields\": [\"Nom\"]}}]"}}, {"model": "admin.logentry", "pk": 83, "fields": {"action_time": "2022-12-21T11:18:37.703Z", "user": 1, "content_type": 9, "object_id": "51", "object_repr": "mozzarella di bufala", "action_flag": 1, "change_message": "[{\"added\": {}}]"}}, {"model": "admin.logentry", "pk": 84, "fields": {"action_time": "2022-12-21T11:18:49.538Z", "user": 1, "content_type": 9, "object_id": "52", "object_repr": "huile d'olives", "action_flag": 1, "change_message": "[{\"added\": {}}]"}}, {"model": "admin.logentry", "pk": 85, "fields": {"action_time": "2022-12-21T11:18:58.799Z", "user": 1, "content_type": 9, "object_id": "53", "object_repr": "pancetta", "action_flag": 1, "change_message": "[{\"added\": {}}]"}}, {"model": "admin.logentry", "pk": 86, "fields": {"action_time": "2022-12-21T11:23:26.763Z", "user": 1, "content_type": 9, "object_id": "54", "object_repr": "bolognèse", "action_flag": 1, "change_message": "[{\"added\": {}}]"}}, {"model": "admin.logentry", "pk": 87, "fields": {"action_time": "2022-12-21T11:23:40.795Z", "user": 1, "content_type": 9, "object_id": "55", "object_repr": "maccheronis", "action_flag": 1, "change_message": "[{\"added\": {}}]"}}, {"model": "admin.logentry", "pk": 88, "fields": {"action_time": "2022-12-21T11:24:00.057Z", "user": 1, "content_type": 9, "object_id": "56", "object_repr": "sauce texas", "action_flag": 1, "change_message": "[{\"added\": {}}]"}}, {"model": "admin.logentry", "pk": 89, "fields": {"action_time": "2022-12-21T11:24:11.525Z", "user": 1, "content_type": 9, "object_id": "57", "object_repr": "viande hachée", "action_flag": 1, "change_message": "[{\"added\": {}}]"}}, {"model": "admin.logentry", "pk": 90, "fields": {"action_time": "2022-12-21T11:24:50.173Z", "user": 1, "content_type": 9, "object_id": "58", "object_repr": "crème assaisonnée", "action_flag": 1, "change_message": "[{\"added\": {}}]"}}, {"model": "admin.logentry", "pk": 91, "fields": {"action_time": "2022-12-21T11:25:00.546Z", "user": 1, "content_type": 9, "object_id": "59", "object_repr": "oeuf sur le plat", "action_flag": 1, "change_message": "[{\"added\": {}}]"}}, {"model": "admin.logentry", "pk": 92, "fields": {"action_time": "2022-12-21T11:25:06.560Z", "user": 1, "content_type": 9, "object_id": "60", "object_repr": "persil frais", "action_flag": 1, "change_message": "[{\"added\": {}}]"}}, {"model": "admin.logentry", "pk": 93, "fields": {"action_time": "2022-12-21T11:48:01.968Z", "user": 1, "content_type": 8, "object_id": "1", "object_repr": "Tiramisu", "action_flag": 1, "change_message": "[{\"added\": {}}]"}}, {"model": "admin.logentry", "pk": 94, "fields": {"action_time": "2022-12-21T11:48:26.738Z", "user": 1, "content_type": 8, "object_id": "2", "object_repr": "Tiramisu Speculoos", "action_flag": 1, "change_message": "[{\"added\": {}}]"}}, {"model": "admin.logentry", "pk": 95, "fields": {"action_time": "2022-12-21T11:49:01.802Z", "user": 1, "content_type": 8, "object_id": "3", "object_repr": "Mousse au chocolat", "action_flag": 1, "change_message": "[{\"added\": {}}]"}}, {"model": "admin.logentry", "pk": 96, "fields": {"action_time": "2022-12-21T11:49:25.373Z", "user": 1, "content_type": 8, "object_id": "4", "object_repr": "Mini pizza Nutella", "action_flag": 1, "change_message": "[{\"added\": {}}]"}}, {"model": "admin.logentry", "pk": 97, "fields": {"action_time": "2022-12-21T11:50:37.262Z", "user": 1, "content_type": 11, "object_id": "1", "object_repr": "Bolognèse", "action_flag": 1, "change_message": "[{\"added\": {}}]"}}, {"model": "admin.logentry", "pk": 98, "fields": {"action_time": "2022-12-21T11:50:50.484Z", "user": 1, "content_type": 11, "object_id": "2", "object_repr": "Napoli", "action_flag": 1, "change_message": "[{\"added\": {}}]"}}, {"model": "admin.logentry", "pk": 99, "fields": {"action_time": "2022-12-21T11:51:26.382Z", "user": 1, "content_type": 11, "object_id": "3", "object_repr": "Jambon crème", "action_flag": 1, "change_message": "[{\"added\": {}}]"}}, {"model": "admin.logentry", "pk": 100, "fields": {"action_time": "2022-12-21T11:51:39.487Z", "user": 1, "content_type": 11, "object_id": "4", "object_repr": "Carbonara", "action_flag": 1, "change_message": "[{\"added\": {}}]"}}, {"model": "admin.logentry", "pk": 101, "fields": {"action_time": "2022-12-21T11:52:00.950Z", "user": 1, "content_type": 11, "object_id": "5", "object_repr": "Fruits de mer", "action_flag": 1, "change_message": "[{\"added\": {}}]"}}, {"model": "admin.logentry", "pk": 102, "fields": {"action_time": "2022-12-21T11:52:36.792Z", "user": 1, "content_type": 11, "object_id": "6", "object_repr": "Scampis", "action_flag": 1, "change_message": "[{\"added\": {}}]"}}, {"model": "admin.logentry", "pk": 103, "fields": {"action_time": "2022-12-21T11:52:47.740Z", "user": 1, "content_type": 11, "object_id": "5", "object_repr": "Fruits de mer", "action_flag": 2, "change_message": "[{\"changed\": {\"fields\": [\"Prix\"]}}]"}}, {"model": "admin.logentry", "pk": 104, "fields": {"action_time": "2022-12-21T11:53:18.692Z", "user": 1, "content_type": 11, "object_id": "7", "object_repr": "Al Salmone", "action_flag": 1, "change_message": "[{\"added\": {}}]"}}, {"model": "admin.logentry", "pk": 105, "fields": {"action_time": "2022-12-21T11:53:34.345Z", "user": 1, "content_type": 11, "object_id": "8", "object_repr": "Crevettes", "action_flag": 1, "change_message": "[{\"added\": {}}]"}}, {"model": "admin.logentry", "pk": 106, "fields": {"action_time": "2022-12-21T11:53:48.879Z", "user": 1, "content_type": 11, "object_id": "9", "object_repr": "4 Fromages", "action_flag": 1, "change_message": "[{\"added\": {}}]"}}, {"model": "admin.logentry", "pk": 107, "fields": {"action_time": "2022-12-21T11:54:09.774Z", "user": 1, "content_type": 11, "object_id": "10", "object_repr": "Lasagne Maison", "action_flag": 1, "change_message": "[{\"added\": {}}]"}}, {"model": "admin.logentry", "pk": 108, "fields": {"action_time": "2022-12-21T11:54:29.587Z", "user": 1, "content_type": 11, "object_id": "11", "object_repr": "Al Pistacchio", "action_flag": 1, "change_message": "[{\"added\": {}}]"}}, {"model": "admin.logentry", "pk": 109, "fields": {"action_time": "2022-12-21T11:54:49.222Z", "user": 1, "content_type": 11, "object_id": "12", "object_repr": "Terre et mer", "action_flag": 1, "change_message": "[{\"added\": {}}]"}}, {"model": "admin.logentry", "pk": 110, "fields": {"action_time": "2022-12-21T15:09:32.849Z", "user": 1, "content_type": 9, "object_id": "2", "object_repr": "mozzarella", "action_flag": 2, "change_message": "[{\"changed\": {\"fields\": [\"Importance\"]}}]"}}, {"model": "admin.logentry", "pk": 111, "fields": {"action_time": "2022-12-21T15:09:38.781Z", "user": 1, "content_type": 9, "object_id": "54", "object_repr": "bolognèse", "action_flag": 2, "change_message": "[{\"changed\": {\"fields\": [\"Importance\"]}}]"}}, {"model": "admin.logentry", "pk": 112, "fields": {"action_time": "2022-12-21T15:09:45.527Z", "user": 1, "content_type": 9, "object_id": "38", "object_repr": "crème", "action_flag": 2, "change_message": "[{\"changed\": {\"fields\": [\"Importance\"]}}]"}}, {"model": "admin.logentry", "pk": 113, "fields": {"action_time": "2022-12-21T15:09:49.647Z", "user": 1, "content_type": 9, "object_id": "58", "object_repr": "crème assaisonnée", "action_flag": 2, "change_message": "[{\"changed\": {\"fields\": [\"Importance\"]}}]"}}, {"model": "admin.logentry", "pk": 114, "fields": {"action_time": "2022-12-21T15:09:53.801Z", "user": 1, "content_type": 9, "object_id": "4", "object_repr": "sauce bolognèse maison", "action_flag": 2, "change_message": "[{\"changed\": {\"fields\": [\"Importance\"]}}]"}}, {"model": "admin.logentry", "pk": 115, "fields": {"action_time": "2022-12-21T15:09:58.270Z", "user": 1, "content_type": 9, "object_id": "56", "object_repr": "sauce texas", "action_flag": 2, "change_message": "[{\"changed\": {\"fields\": [\"Importance\"]}}]"}}, {"model": "admin.logentry", "pk": 116, "fields": {"action_time": "2022-12-21T15:10:02.515Z", "user": 1, "content_type": 9, "object_id": "1", "object_repr": "tomate", "action_flag": 2, "change_message": "[{\"changed\": {\"fields\": [\"Importance\"]}}]"}}, {"model": "admin.logentry", "pk": 117, "fields": {"action_time": "2022-12-21T15:10:21.693Z", "user": 1, "content_type": 9, "object_id": "20", "object_repr": "ail", "action_flag": 2, "change_message": "[{\"changed\": {\"fields\": [\"Importance\"]}}]"}}, {"model": "admin.logentry", "pk": 118, "fields": {"action_time": "2022-12-21T15:10:31.957Z", "user": 1, "content_type": 9, "object_id": "3", "object_repr": "origan", "action_flag": 2, "change_message": "[]"}}, {"model": "admin.logentry", "pk": 119, "fields": {"action_time": "2022-12-21T15:10:51.385Z", "user": 1, "content_type": 9, "object_id": "6", "object_repr": "anchois", "action_flag": 2, "change_message": "[{\"changed\": {\"fields\": [\"Importance\"]}}]"}}, {"model": "admin.logentry", "pk": 120, "fields": {"action_time": "2022-12-21T15:11:23.199Z", "user": 1, "content_type": 9, "object_id": "23", "object_repr": "copeaux de parmesan", "action_flag": 2, "change_message": "[{\"changed\": {\"fields\": [\"Importance\"]}}]"}}, {"model": "admin.logentry", "pk": 121, "fields": {"action_time": "2022-12-21T15:11:37.585Z", "user": 1, "content_type": 9, "object_id": "28", "object_repr": "surprise", "action_flag": 2, "change_message": "[{\"changed\": {\"fields\": [\"Importance\"]}}]"}}, {"model": "admin.logentry", "pk": 122, "fields": {"action_time": "2022-12-21T15:11:54.877Z", "user": 1, "content_type": 9, "object_id": "52", "object_repr": "huile d'olives", "action_flag": 2, "change_message": "[{\"changed\": {\"fields\": [\"Importance\"]}}]"}}, {"model": "admin.logentry", "pk": 123, "fields": {"action_time": "2022-12-21T15:13:10.339Z", "user": 1, "content_type": 10, "object_id": "6", "object_repr": "Marguerita", "action_flag": 1, "change_message": "[{\"added\": {}}]"}}, {"model": "admin.logentry", "pk": 124, "fields": {"action_time": "2022-12-21T15:13:46.044Z", "user": 1, "content_type": 10, "object_id": "7", "object_repr": "Bolognese", "action_flag": 1, "change_message": "[{\"added\": {}}]"}}, {"model": "admin.logentry", "pk": 125, "fields": {"action_time": "2022-12-21T15:14:36.496Z", "user": 1, "content_type": 10, "object_id": "8", "object_repr": "Napoli", "action_flag": 1, "change_message": "[{\"added\": {}}]"}}, {"model": "admin.logentry", "pk": 126, "fields": {"action_time": "2022-12-21T15:15:32.165Z", "user": 1, "content_type": 10, "object_id": "9", "object_repr": "Prosciutto", "action_flag": 1, "change_message": "[{\"added\": {}}]"}}, {"model": "admin.logentry", "pk": 127, "fields": {"action_time": "2022-12-21T15:16:27.091Z", "user": 1, "content_type": 10, "object_id": "10", "object_repr": "Funghi", "action_flag": 1, "change_message": "[{\"added\": {}}]"}}, {"model": "admin.logentry", "pk": 128, "fields": {"action_time": "2022-12-21T15:17:05.642Z", "user": 1, "content_type": 10, "object_id": "11", "object_repr": "Salami", "action_flag": 1, "change_message": "[{\"added\": {}}]"}}, {"model": "admin.logentry", "pk": 129, "fields": {"action_time": "2022-12-21T15:17:59.254Z", "user": 1, "content_type": 10, "object_id": "12", "object_repr": "Sole Mio", "action_flag": 1, "change_message": "[{\"added\": {}}]"}}, {"model": "admin.logentry", "pk": 130, "fields": {"action_time": "2022-12-21T15:19:01.101Z", "user": 1, "content_type": 10, "object_id": "13", "object_repr": "Hawaï", "action_flag": 1, "change_message": "[{\"added\": {}}]"}}, {"model": "admin.logentry", "pk": 131, "fields": {"action_time": "2022-12-21T15:19:11.291Z", "user": 1, "content_type": 9, "object_id": "11", "object_repr": "ananas", "action_flag": 2, "change_message": "[{\"changed\": {\"fields\": [\"Importance\"]}}]"}}, {"model": "admin.logentry", "pk": 132, "fields": {"action_time": "2022-12-21T15:20:09.571Z", "user": 1, "content_type": 10, "object_id": "14", "object_repr": "Viennese", "action_flag": 1, "change_message": "[{\"added\": {}}]"}}, {"model": "admin.logentry", "pk": 133, "fields": {"action_time": "2022-12-21T15:20:17.908Z", "user": 1, "content_type": 9, "object_id": "13", "object_repr": "oignons", "action_flag": 2, "change_message": "[{\"changed\": {\"fields\": [\"Importance\"]}}]"}}, {"model": "admin.logentry", "pk": 134, "fields": {"action_time": "2022-12-21T15:21:10.366Z", "user": 1, "content_type": 10, "object_id": "15", "object_repr": "Regina", "action_flag": 1, "change_message": "[{\"added\": {}}]"}}, {"model": "admin.logentry", "pk": 135, "fields": {"action_time": "2022-12-21T15:22:31.418Z", "user": 1, "content_type": 10, "object_id": "16", "object_repr": "Capricciosa", "action_flag": 1, "change_message": "[{\"added\": {}}]"}}, {"model": "admin.logentry", "pk": 136, "fields": {"action_time": "2022-12-21T15:23:28.731Z", "user": 1, "content_type": 10, "object_id": "17", "object_repr": "4 Stagioni", "action_flag": 1, "change_message": "[{\"added\": {}}]"}}, {"model": "admin.logentry", "pk": 137, "fields": {"action_time": "2022-12-21T15:23:37.572Z", "user": 1, "content_type": 9, "object_id": "8", "object_repr": "champignons", "action_flag": 2, "change_message": "[{\"changed\": {\"fields\": [\"Importance\"]}}]"}}, {"model": "admin.logentry", "pk": 138, "fields": {"action_time": "2022-12-21T15:23:43.856Z", "user": 1, "content_type": 9, "object_id": "15", "object_repr": "artichauts", "action_flag": 2, "change_message": "[{\"changed\": {\"fields\": [\"Importance\"]}}]"}}, {"model": "admin.logentry", "pk": 139, "fields": {"action_time": "2022-12-21T15:24:19.748Z", "user": 1, "content_type": 9, "object_id": "31", "object_repr": "miel", "action_flag": 2, "change_message": "[{\"changed\": {\"fields\": [\"Importance\"]}}]"}}, {"model": "admin.logentry", "pk": 140, "fields": {"action_time": "2022-12-21T15:25:50.054Z", "user": 1, "content_type": 10, "object_id": "18", "object_repr": "4 Formaggi", "action_flag": 1, "change_message": "[{\"added\": {}}]"}}, {"model": "admin.logentry", "pk": 141, "fields": {"action_time": "2022-12-21T15:26:54.251Z", "user": 1, "content_type": 10, "object_id": "19", "object_repr": "Al Capone", "action_flag": 1, "change_message": "[{\"added\": {}}]"}}, {"model": "admin.logentry", "pk": 142, "fields": {"action_time": "2022-12-21T15:27:37.318Z", "user": 1, "content_type": 10, "object_id": "20", "object_repr": "Ortolana", "action_flag": 1, "change_message": "[{\"added\": {}}]"}}, {"model": "admin.logentry", "pk": 143, "fields": {"action_time": "2022-12-21T15:28:19.985Z", "user": 1, "content_type": 10, "object_id": "21", "object_repr": "Al Tonno", "action_flag": 1, "change_message": "[{\"added\": {}}]"}}, {"model": "admin.logentry", "pk": 144, "fields": {"action_time": "2022-12-21T15:29:08.536Z", "user": 1, "content_type": 10, "object_id": "22", "object_repr": "Calzone (pizza fermée)", "action_flag": 1, "change_message": "[{\"added\": {}}]"}}, {"model": "admin.logentry", "pk": 145, "fields": {"action_time": "2022-12-21T15:29:48.804Z", "user": 1, "content_type": 10, "object_id": "23", "object_repr": "Luca", "action_flag": 1, "change_message": "[{\"added\": {}}]"}}, {"model": "admin.logentry", "pk": 146, "fields": {"action_time": "2022-12-21T15:30:27.473Z", "user": 1, "content_type": 10, "object_id": "24", "object_repr": "Emilio", "action_flag": 1, "change_message": "[{\"added\": {}}]"}}, {"model": "admin.logentry", "pk": 147, "fields": {"action_time": "2022-12-21T15:31:33.509Z", "user": 1, "content_type": 10, "object_id": "25", "object_repr": "Salmone", "action_flag": 1, "change_message": "[{\"added\": {}}]"}}, {"model": "admin.logentry", "pk": 148, "fields": {"action_time": "2022-12-21T15:32:13.951Z", "user": 1, "content_type": 10, "object_id": "26", "object_repr": "Chorizo", "action_flag": 1, "change_message": "[{\"added\": {}}]"}}, {"model": "admin.logentry", "pk": 149, "fields": {"action_time": "2022-12-21T15:32:38.451Z", "user": 1, "content_type": 10, "object_id": "27", "object_repr": "Valentino", "action_flag": 1, "change_message": "[{\"added\": {}}]"}}, {"model": "admin.logentry", "pk": 150, "fields": {"action_time": "2022-12-21T15:33:25.245Z", "user": 1, "content_type": 10, "object_id": "28", "object_repr": "Chèvre", "action_flag": 1, "change_message": "[{\"added\": {}}]"}}, {"model": "admin.logentry", "pk": 151, "fields": {"action_time": "2022-12-21T15:35:05.069Z", "user": 1, "content_type": 10, "object_id": "29", "object_repr": "Donatella", "action_flag": 1, "change_message": "[{\"added\": {}}]"}}, {"model": "admin.logentry", "pk": 152, "fields": {"action_time": "2022-12-21T15:36:14.429Z", "user": 1, "content_type": 10, "object_id": "30", "object_repr": "Frutti Di Mare", "action_flag": 1, "change_message": "[{\"added\": {}}]"}}, {"model": "admin.logentry", "pk": 153, "fields": {"action_time": "2022-12-21T15:36:53.352Z", "user": 1, "content_type": 10, "object_id": "31", "object_repr": "Sara", "action_flag": 1, "change_message": "[{\"added\": {}}]"}}, {"model": "admin.logentry", "pk": 154, "fields": {"action_time": "2022-12-21T15:37:47.048Z", "user": 1, "content_type": 10, "object_id": "32", "object_repr": "Merguez", "action_flag": 1, "change_message": "[{\"added\": {}}]"}}, {"model": "admin.logentry", "pk": 155, "fields": {"action_time": "2022-12-21T15:38:31.989Z", "user": 1, "content_type": 10, "object_id": "33", "object_repr": "Maria", "action_flag": 1, "change_message": "[{\"added\": {}}]"}}, {"model": "admin.logentry", "pk": 156, "fields": {"action_time": "2022-12-21T15:39:36.103Z", "user": 1, "content_type": 10, "object_id": "34", "object_repr": "Forestière", "action_flag": 1, "change_message": "[{\"added\": {}}]"}}, {"model": "admin.logentry", "pk": 157, "fields": {"action_time": "2022-12-21T15:40:12.352Z", "user": 1, "content_type": 10, "object_id": "35", "object_repr": "Nicola", "action_flag": 1, "change_message": "[{\"added\": {}}]"}}, {"model": "admin.logentry", "pk": 158, "fields": {"action_time": "2022-12-21T15:41:36.582Z", "user": 1, "content_type": 10, "object_id": "36", "object_repr": "Mare E Monte", "action_flag": 1, "change_message": "[{\"added\": {}}]"}}, {"model": "admin.logentry", "pk": 159, "fields": {"action_time": "2022-12-21T15:42:38.879Z", "user": 1, "content_type": 10, "object_id": "37", "object_repr": "San Daniele", "action_flag": 1, "change_message": "[{\"added\": {}}]"}}, {"model": "admin.logentry", "pk": 160, "fields": {"action_time": "2022-12-21T15:43:26.557Z", "user": 1, "content_type": 10, "object_id": "38", "object_repr": "Barbecue", "action_flag": 1, "change_message": "[{\"added\": {}}]"}}, {"model": "admin.logentry", "pk": 161, "fields": {"action_time": "2022-12-21T15:44:10.824Z", "user": 1, "content_type": 10, "object_id": "39", "object_repr": "Carbonara", "action_flag": 1, "change_message": "[{\"added\": {}}]"}}, {"model": "admin.logentry", "pk": 162, "fields": {"action_time": "2022-12-21T15:44:58.839Z", "user": 1, "content_type": 10, "object_id": "40", "object_repr": "Boss", "action_flag": 1, "change_message": "[{\"added\": {}}]"}}, {"model": "admin.logentry", "pk": 163, "fields": {"action_time": "2022-12-21T15:46:04.473Z", "user": 1, "content_type": 10, "object_id": "41", "object_repr": "Alla Rucola", "action_flag": 1, "change_message": "[{\"added\": {}}]"}}, {"model": "admin.logentry", "pk": 164, "fields": {"action_time": "2022-12-21T15:46:21.739Z", "user": 1, "content_type": 9, "object_id": "43", "object_repr": "crème balsamique", "action_flag": 2, "change_message": "[{\"changed\": {\"fields\": [\"Importance\"]}}]"}}, {"model": "admin.logentry", "pk": 165, "fields": {"action_time": "2022-12-21T15:46:33.256Z", "user": 1, "content_type": 9, "object_id": "50", "object_repr": "crème de pistaches maison", "action_flag": 2, "change_message": "[{\"changed\": {\"fields\": [\"Importance\"]}}]"}}, {"model": "admin.logentry", "pk": 166, "fields": {"action_time": "2022-12-21T15:46:41.334Z", "user": 1, "content_type": 9, "object_id": "50", "object_repr": "crème de pistaches maison", "action_flag": 2, "change_message": "[{\"changed\": {\"fields\": [\"Importance\"]}}]"}}, {"model": "admin.logentry", "pk": 167, "fields": {"action_time": "2022-12-21T15:47:42.952Z", "user": 1, "content_type": 10, "object_id": "42", "object_repr": "Gyros", "action_flag": 1, "change_message": "[{\"added\": {}}]"}}, {"model": "admin.logentry", "pk": 168, "fields": {"action_time": "2022-12-21T15:48:37.992Z", "user": 1, "content_type": 10, "object_id": "43", "object_repr": "Tartiflette", "action_flag": 1, "change_message": "[{\"added\": {}}]"}}, {"model": "admin.logentry", "pk": 169, "fields": {"action_time": "2022-12-21T15:49:30.089Z", "user": 1, "content_type": 10, "object_id": "44", "object_repr": "Royale", "action_flag": 1, "change_message": "[{\"added\": {}}]"}}, {"model": "admin.logentry", "pk": 170, "fields": {"action_time": "2022-12-21T15:50:09.804Z", "user": 1, "content_type": 10, "object_id": "45", "object_repr": "Scampis", "action_flag": 1, "change_message": "[{\"added\": {}}]"}}, {"model": "admin.logentry", "pk": 171, "fields": {"action_time": "2022-12-21T15:50:51.720Z", "user": 1, "content_type": 10, "object_id": "46", "object_repr": "Leandro", "action_flag": 1, "change_message": "[{\"added\": {}}]"}}, {"model": "admin.logentry", "pk": 172, "fields": {"action_time": "2022-12-21T15:52:03.448Z", "user": 1, "content_type": 10, "object_id": "47", "object_repr": "Al Pistacchio", "action_flag": 1, "change_message": "[{\"added\": {}}]"}}, {"model": "admin.logentry", "pk": 173, "fields": {"action_time": "2022-12-21T15:52:52.877Z", "user": 1, "content_type": 10, "object_id": "48", "object_repr": "Del Sole", "action_flag": 1, "change_message": "[{\"added\": {}}]"}}, {"model": "admin.logentry", "pk": 174, "fields": {"action_time": "2022-12-21T15:55:50.407Z", "user": 1, "content_type": 9, "object_id": "61", "object_repr": "burger Maison", "action_flag": 1, "change_message": "[{\"added\": {}}]"}}, {"model": "admin.logentry", "pk": 175, "fields": {"action_time": "2022-12-21T15:56:01.258Z", "user": 1, "content_type": 9, "object_id": "62", "object_repr": "cheddar", "action_flag": 1, "change_message": "[{\"added\": {}}]"}}, {"model": "admin.logentry", "pk": 176, "fields": {"action_time": "2022-12-21T15:58:43.753Z", "user": 1, "content_type": 10, "object_id": "49", "object_repr": "Pizza burger", "action_flag": 1, "change_message": "[{\"added\": {}}]"}}, {"model": "admin.logentry", "pk": 177, "fields": {"action_time": "2022-12-21T16:00:56.589Z", "user": 1, "content_type": 9, "object_id": "63", "object_repr": "base huile d'olive", "action_flag": 1, "change_message": "[{\"added\": {}}]"}}, {"model": "admin.logentry", "pk": 178, "fields": {"action_time": "2022-12-21T16:01:05.513Z", "user": 1, "content_type": 9, "object_id": "64", "object_repr": "viande kebab", "action_flag": 1, "change_message": "[{\"added\": {}}]"}}, {"model": "admin.logentry", "pk": 179, "fields": {"action_time": "2022-12-21T16:01:17.559Z", "user": 1, "content_type": 9, "object_id": "65", "object_repr": "tomates fraiches", "action_flag": 1, "change_message": "[{\"added\": {}}]"}}, {"model": "admin.logentry", "pk": 180, "fields": {"action_time": "2022-12-21T16:01:32.233Z", "user": 1, "content_type": 9, "object_id": "66", "object_repr": "sauce à l'ail", "action_flag": 1, "change_message": "[{\"added\": {}}]"}}, {"model": "admin.logentry", "pk": 181, "fields": {"action_time": "2022-12-21T16:01:52.822Z", "user": 1, "content_type": 9, "object_id": "67", "object_repr": "piment rouge", "action_flag": 1, "change_message": "[{\"added\": {}}]"}}, {"model": "admin.logentry", "pk": 182, "fields": {"action_time": "2022-12-21T16:03:12.796Z", "user": 1, "content_type": 10, "object_id": "50", "object_repr": "kebab", "action_flag": 1, "change_message": "[{\"added\": {}}]"}}, {"model": "admin.logentry", "pk": 183, "fields": {"action_time": "2022-12-21T16:04:31.938Z", "user": 1, "content_type": 9, "object_id": "68", "object_repr": "saucisses italiennes poivre fenouil", "action_flag": 1, "change_message": "[{\"added\": {}}]"}}, {"model": "admin.logentry", "pk": 184, "fields": {"action_time": "2022-12-21T16:04:39.875Z", "user": 1, "content_type": 9, "object_id": "69", "object_repr": "pesto rouge", "action_flag": 1, "change_message": "[{\"added\": {}}]"}}, {"model": "admin.logentry", "pk": 185, "fields": {"action_time": "2022-12-21T16:06:18.843Z", "user": 1, "content_type": 10, "object_id": "51", "object_repr": "Del Sud", "action_flag": 1, "change_message": "[{\"added\": {}}]"}}, {"model": "auth.permission", "pk": 1, "fields": {"name": "Can add log entry", "content_type": 1, "codename": "add_logentry"}}, {"model": "auth.permission", "pk": 2, "fields": {"name": "Can change log entry", "content_type": 1, "codename": "change_logentry"}}, {"model": "auth.permission", "pk": 3, "fields": {"name": "Can delete log entry", "content_type": 1, "codename": "delete_logentry"}}, {"model": "auth.permission", "pk": 4, "fields": {"name": "Can view log entry", "content_type": 1, "codename": "view_logentry"}}, {"model": "auth.permission", "pk": 5, "fields": {"name": "Can add permission", "content_type": 2, "codename": "add_permission"}}, {"model": "auth.permission", "pk": 6, "fields": {"name": "Can change permission", "content_type": 2, "codename": "change_permission"}}, {"model": "auth.permission", "pk": 7, "fields": {"name": "Can delete permission", "content_type": 2, "codename": "delete_permission"}}, {"model": "auth.permission", "pk": 8, "fields": {"name": "Can view permission", "content_type": 2, "codename": "view_permission"}}, {"model": "auth.permission", "pk": 9, "fields": {"name": "Can add group", "content_type": 3, "codename": "add_group"}}, {"model": "auth.permission", "pk": 10, "fields": {"name": "Can change group", "content_type": 3, "codename": "change_group"}}, {"model": "auth.permission", "pk": 11, "fields": {"name": "Can delete group", "content_type": 3, "codename": "delete_group"}}, {"model": "auth.permission", "pk": 12, "fields": {"name": "Can view group", "content_type": 3, "codename": "view_group"}}, {"model": "auth.permission", "pk": 13, "fields": {"name": "Can add user", "content_type": 4, "codename": "add_user"}}, {"model": "auth.permission", "pk": 14, "fields": {"name": "Can change user", "content_type": 4, "codename": "change_user"}}, {"model": "auth.permission", "pk": 15, "fields": {"name": "Can delete user", "content_type": 4, "codename": "delete_user"}}, {"model": "auth.permission", "pk": 16, "fields": {"name": "Can view user", "content_type": 4, "codename": "view_user"}}, {"model": "auth.permission", "pk": 17, "fields": {"name": "Can add content type", "content_type": 5, "codename": "add_contenttype"}}, {"model": "auth.permission", "pk": 18, "fields": {"name": "Can change content type", "content_type": 5, "codename": "change_contenttype"}}, {"model": "auth.permission", "pk": 19, "fields": {"name": "Can delete content type", "content_type": 5, "codename": "delete_contenttype"}}, {"model": "auth.permission", "pk": 20, "fields": {"name": "Can view content type", "content_type": 5, "codename": "view_contenttype"}}, {"model": "auth.permission", "pk": 21, "fields": {"name": "Can add session", "content_type": 6, "codename": "add_session"}}, {"model": "auth.permission", "pk": 22, "fields": {"name": "Can change session", "content_type": 6, "codename": "change_session"}}, {"model": "auth.permission", "pk": 23, "fields": {"name": "Can delete session", "content_type": 6, "codename": "delete_session"}}, {"model": "auth.permission", "pk": 24, "fields": {"name": "Can view session", "content_type": 6, "codename": "view_session"}}, {"model": "auth.permission", "pk": 25, "fields": {"name": "Can add boisson", "content_type": 7, "codename": "add_boisson"}}, {"model": "auth.permission", "pk": 26, "fields": {"name": "Can change boisson", "content_type": 7, "codename": "change_boisson"}}, {"model": "auth.permission", "pk": 27, "fields": {"name": "Can delete boisson", "content_type": 7, "codename": "delete_boisson"}}, {"model": "auth.permission", "pk": 28, "fields": {"name": "Can view boisson", "content_type": 7, "codename": "view_boisson"}}, {"model": "auth.permission", "pk": 29, "fields": {"name": "Can add dessert", "content_type": 8, "codename": "add_dessert"}}, {"model": "auth.permission", "pk": 30, "fields": {"name": "Can change dessert", "content_type": 8, "codename": "change_dessert"}}, {"model": "auth.permission", "pk": 31, "fields": {"name": "Can delete dessert", "content_type": 8, "codename": "delete_dessert"}}, {"model": "auth.permission", "pk": 32, "fields": {"name": "Can view dessert", "content_type": 8, "codename": "view_dessert"}}, {"model": "auth.permission", "pk": 33, "fields": {"name": "Can add ingredient", "content_type": 9, "codename": "add_ingredient"}}, {"model": "auth.permission", "pk": 34, "fields": {"name": "Can change ingredient", "content_type": 9, "codename": "change_ingredient"}}, {"model": "auth.permission", "pk": 35, "fields": {"name": "Can delete ingredient", "content_type": 9, "codename": "delete_ingredient"}}, {"model": "auth.permission", "pk": 36, "fields": {"name": "Can view ingredient", "content_type": 9, "codename": "view_ingredient"}}, {"model": "auth.permission", "pk": 37, "fields": {"name": "Can add pizza", "content_type": 10, "codename": "add_pizza"}}, {"model": "auth.permission", "pk": 38, "fields": {"name": "Can change pizza", "content_type": 10, "codename": "change_pizza"}}, {"model": "auth.permission", "pk": 39, "fields": {"name": "Can delete pizza", "content_type": 10, "codename": "delete_pizza"}}, {"model": "auth.permission", "pk": 40, "fields": {"name": "Can view pizza", "content_type": 10, "codename": "view_pizza"}}, {"model": "auth.permission", "pk": 41, "fields": {"name": "Can add pates", "content_type": 11, "codename": "add_pates"}}, {"model": "auth.permission", "pk": 42, "fields": {"name": "Can change pates", "content_type": 11, "codename": "change_pates"}}, {"model": "auth.permission", "pk": 43, "fields": {"name": "Can delete pates", "content_type": 11, "codename": "delete_pates"}}, {"model": "auth.permission", "pk": 44, "fields": {"name": "Can view pates", "content_type": 11, "codename": "view_pates"}}, {"model": "auth.permission", "pk": 45, "fields": {"name": "Can add entree", "content_type": 12, "codename": "add_entree"}}, {"model": "auth.permission", "pk": 46, "fields": {"name": "Can change entree", "content_type": 12, "codename": "change_entree"}}, {"model": "auth.permission", "pk": 47, "fields": {"name": "Can delete entree", "content_type": 12, "codename": "delete_entree"}}, {"model": "auth.permission", "pk": 48, "fields": {"name": "Can view entree", "content_type": 12, "codename": "view_entree"}}, {"model": "auth.permission", "pk": 49, "fields": {"name": "Can add allergene", "content_type": 13, "codename": "add_allergene"}}, {"model": "auth.permission", "pk": 50, "fields": {"name": "Can change allergene", "content_type": 13, "codename": "change_allergene"}}, {"model": "auth.permission", "pk": 51, "fields": {"name": "Can delete allergene", "content_type": 13, "codename": "delete_allergene"}}, {"model": "auth.permission", "pk": 52, "fields": {"name": "Can view allergene", "content_type": 13, "codename": "view_allergene"}}, {"model": "auth.user", "pk": 1, "fields": {"password": "pbkdf2_sha256$260000$X7xyBRCPH4yaoaUDrdZdEr$Io+RwdMvctIcNugMxEbcLEuSnIMSRK5raxEfQvu7R0o=", "last_login": "2022-12-20T17:11:04.360Z", "is_superuser": true, "username": "samyben2001", "first_name": "", "last_name": "", "email": "samybenbeya@gmail.com", "is_staff": true, "is_active": true, "date_joined": "2022-12-20T16:19:42.756Z", "groups": [], "user_permissions": []}}, {"model": "contenttypes.contenttype", "pk": 1, "fields": {"app_label": "admin", "model": "logentry"}}, {"model": "contenttypes.contenttype", "pk": 2, "fields": {"app_label": "auth", "model": "permission"}}, {"model": "contenttypes.contenttype", "pk": 3, "fields": {"app_label": "auth", "model": "group"}}, {"model": "contenttypes.contenttype", "pk": 4, "fields": {"app_label": "auth", "model": "user"}}, {"model": "contenttypes.contenttype", "pk": 5, "fields": {"app_label": "contenttypes", "model": "contenttype"}}, {"model": "contenttypes.contenttype", "pk": 6, "fields": {"app_label": "sessions", "model": "session"}}, {"model": "contenttypes.contenttype", "pk": 7, "fields": {"app_label": "menu", "model": "boisson"}}, {"model": "contenttypes.contenttype", "pk": 8, "fields": {"app_label": "menu", "model": "dessert"}}, {"model": "contenttypes.contenttype", "pk": 9, "fields": {"app_label": "menu", "model": "ingredient"}}, {"model": "contenttypes.contenttype", "pk": 10, "fields": {"app_label": "menu", "model": "pizza"}}, {"model": "contenttypes.contenttype", "pk": 11, "fields": {"app_label": "menu", "model": "pates"}}, {"model": "contenttypes.contenttype", "pk": 12, "fields": {"app_label": "menu", "model": "entree"}}, {"model": "contenttypes.contenttype", "pk": 13, "fields": {"app_label": "menu", "model": "allergene"}}, {"model": "sessions.session", "pk": "kqnfekr3yib2ym1dckvwwmd2k6wog7c0", "fields": {"session_data": ".eJxVjDkOwjAURO_iGll2vFPScwbrLwYHkCPFSYW4O4mUAsqZ92beIsO61Lz2MueRxVlocfrtEOhZ2g74Ae0-SZraMo8od0UetMvrxOV1Ody_gwq9bmskdppTUEonc4tYbIgpBk1qi8abSGiC8sDogUBB4hIt0WC5OHRqEJ8v3XM4AA:1p7g8u:bIN58kLYXvev_emL67iInLWLvbByF1XccPR9FbShMHU", "expire_date": "2023-01-03T17:11:04.405Z"}}, {"model": "menu.ingredient", "pk": 1, "fields": {"nom": "tomate", "importance": 2}}, {"model": "menu.ingredient", "pk": 2, "fields": {"nom": "mozzarella", "importance": 1}}, {"model": "menu.ingredient", "pk": 3, "fields": {"nom": "origan", "importance": -1}}, {"model": "menu.ingredient", "pk": 4, "fields": {"nom": "sauce bolognèse maison", "importance": 2}}, {"model": "menu.ingredient", "pk": 5, "fields": {"nom": "câpres", "importance": 0}}, {"model": "menu.ingredient", "pk": 6, "fields": {"nom": "anchois", "importance": -1}}, {"model": "menu.ingredient", "pk": 7, "fields": {"nom": "jambon", "importance": 0}}, {"model": "menu.ingredient", "pk": 8, "fields": {"nom": "champignons", "importance": -1}}, {"model": "menu.ingredient", "pk": 9, "fields": {"nom": "salami", "importance": 0}}, {"model": "menu.ingredient", "pk": 10, "fields": {"nom": "oeufs", "importance": 0}}, {"model": "menu.ingredient", "pk": 11, "fields": {"nom": "ananas", "importance": -1}}, {"model": "menu.ingredient", "pk": 12, "fields": {"nom": "saucisses viennoises", "importance": 0}}, {"model": "menu.ingredient", "pk": 13, "fields": {"nom": "oignons", "importance": -1}}, {"model": "menu.ingredient", "pk": 14, "fields": {"nom": "olives", "importance": 0}}, {"model": "menu.ingredient", "pk": 15, "fields": {"nom": "artichauts", "importance": -1}}, {"model": "menu.ingredient", "pk": 16, "fields": {"nom": "gorgonzola", "importance": 0}}, {"model": "menu.ingredient", "pk": 17, "fields": {"nom": "tallegio", "importance": 0}}, {"model": "menu.ingredient", "pk": 18, "fields": {"nom": "parmesan", "importance": 0}}, {"model": "menu.ingredient", "pk": 19, "fields": {"nom": "poivrons", "importance": 0}}, {"model": "menu.ingredient", "pk": 20, "fields": {"nom": "ail", "importance": -1}}, {"model": "menu.ingredient", "pk": 21, "fields": {"nom": "oeufs durs", "importance": 0}}, {"model": "menu.ingredient", "pk": 22, "fields": {"nom": "aubergines", "importance": 0}}, {"model": "menu.ingredient", "pk": 23, "fields": {"nom": "copeaux de parmesan", "importance": -1}}, {"model": "menu.ingredient", "pk": 24, "fields": {"nom": "thon", "importance": 0}}, {"model": "menu.ingredient", "pk": 25, "fields": {"nom": "épinards", "importance": 0}}, {"model": "menu.ingredient", "pk": 26, "fields": {"nom": "saumon", "importance": 0}}, {"model": "menu.ingredient", "pk": 27, "fields": {"nom": "chorizo", "importance": 0}}, {"model": "menu.ingredient", "pk": 28, "fields": {"nom": "surprise", "importance": -1}}, {"model": "menu.ingredient", "pk": 29, "fields": {"nom": "fromage de chèvre", "importance": 0}}, {"model": "menu.ingredient", "pk": 30, "fields": {"nom": "lardons", "importance": 0}}, {"model": "menu.ingredient", "pk": 31, "fields": {"nom": "miel", "importance": -1}}, {"model": "menu.ingredient", "pk": 32, "fields": {"nom": "tomate cerise", "importance": 0}}, {"model": "menu.ingredient", "pk": 33, "fields": {"nom": "mozzarella fraiche", "importance": 0}}, {"model": "menu.ingredient", "pk": 34, "fields": {"nom": "basilic frais", "importance": 0}}, {"model": "menu.ingredient", "pk": 35, "fields": {"nom": "moules", "importance": 0}}, {"model": "menu.ingredient", "pk": 36, "fields": {"nom": "crevettes", "importance": 0}}, {"model": "menu.ingredient", "pk": 37, "fields": {"nom": "calamars", "importance": 0}}, {"model": "menu.ingredient", "pk": 38, "fields": {"nom": "crème", "importance": 2}}, {"model": "menu.ingredient", "pk": 39, "fields": {"nom": "4 fromages", "importance": 0}}, {"model": "menu.ingredient", "pk": 40, "fields": {"nom": "merguez", "importance": 0}}, {"model": "menu.ingredient", "pk": 41, "fields": {"nom": "jambon de parme", "importance": 0}}, {"model": "menu.ingredient", "pk": 42, "fields": {"nom": "roquette", "importance": 0}}, {"model": "menu.ingredient", "pk": 43, "fields": {"nom": "crème balsamique", "importance": -1}}, {"model": "menu.ingredient", "pk": 44, "fields": {"nom": "viande de gyros", "importance": 0}}, {"model": "menu.ingredient", "pk": 45, "fields": {"nom": "pommes de terre", "importance": 0}}, {"model": "menu.ingredient", "pk": 46, "fields": {"nom": "reblochon", "importance": 0}}, {"model": "menu.ingredient", "pk": 47, "fields": {"nom": "scampis", "importance": 0}}, {"model": "menu.ingredient", "pk": 48, "fields": {"nom": "fruits de mer", "importance": 0}}, {"model": "menu.ingredient", "pk": 49, "fields": {"nom": "poulet", "importance": 0}}, {"model": "menu.ingredient", "pk": 50, "fields": {"nom": "crème de pistaches maison", "importance": 2}}, {"model": "menu.ingredient", "pk": 51, "fields": {"nom": "mozzarella di bufala", "importance": 0}}, {"model": "menu.ingredient", "pk": 52, "fields": {"nom": "huile d'olives", "importance": -1}}, {"model": "menu.ingredient", "pk": 53, "fields": {"nom": "pancetta", "importance": 0}}, {"model": "menu.ingredient", "pk": 54, "fields": {"nom": "bolognèse", "importance": 2}}, {"model": "menu.ingredient", "pk": 55, "fields": {"nom": "maccheronis", "importance": 0}}, {"model": "menu.ingredient", "pk": 56, "fields": {"nom": "sauce texas", "importance": 2}}, {"model": "menu.ingredient", "pk": 57, "fields": {"nom": "viande hachée", "importance": 0}}, {"model": "menu.ingredient", "pk": 58, "fields": {"nom": "crème assaisonnée", "importance": 2}}, {"model": "menu.ingredient", "pk": 59, "fields": {"nom": "oeuf sur le plat", "importance": 0}}, {"model": "menu.ingredient", "pk": 60, "fields": {"nom": "persil frais", "importance": 0}}, {"model": "menu.ingredient", "pk": 61, "fields": {"nom": "burger Maison", "importance": 0}}, {"model": "menu.ingredient", "pk": 62, "fields": {"nom": "cheddar", "importance": 0}}, {"model": "menu.ingredient", "pk": 63, "fields": {"nom": "base huile d'olive", "importance": 2}}, {"model": "menu.ingredient", "pk": 64, "fields": {"nom": "viande kebab", "importance": 0}}, {"model": "menu.ingredient", "pk": 65, "fields": {"nom": "tomates fraiches", "importance": 0}}, {"model": "menu.ingredient", "pk": 66, "fields": {"nom": "sauce à l'ail", "importance": 0}}, {"model": "menu.ingredient", "pk": 67, "fields": {"nom": "piment rouge", "importance": 0}}, {"model": "menu.ingredient", "pk": 68, "fields": {"nom": "saucisses italiennes poivre fenouil", "importance": 0}}, {"model": "menu.ingredient", "pk": 69, "fields": {"nom": "pesto rouge", "importance": 0}}, {"model": "menu.allergene", "pk": 1, "fields": {"nom": "Gluten"}}, {"model": "menu.allergene", "pk": 2, "fields": {"nom": "Crustacés"}}, {"model": "menu.allergene", "pk": 3, "fields": {"nom": "Oeuf"}}, {"model": "menu.allergene", "pk": 4, "fields": {"nom": "Poisson"}}, {"model": "menu.allergene", "pk": 5, "fields": {"nom": "Lait (lactose)"}}, {"model": "menu.allergene", "pk": 6, "fields": {"nom": "Sulfites"}}, {"model": "menu.allergene", "pk": 7, "fields": {"nom": "Mollusques"}}, {"model": "menu.allergene", "pk": 8, "fields": {"nom": "Arachides"}}, {"model": "menu.entree", "pk": 1, "fields": {"nom": "Pain à l'ail", "image": "", "prix": 5.5, "allergene": [1]}}, {"model": "menu.entree", "pk": 2, "fields": {"nom": "Pain à l'ail avec lardons", "image": "", "prix": 7.5, "allergene": [1]}}, {"model": "menu.pizza", "pk": 6, "fields": {"nom": "Marguerita", "image": "margheritta.jpeg", "prix": 8.0, "vegetarienne": false, "suggestion": false, "ingredient": [1, 2, 3], "allergene": [1, 5]}}, {"model": "menu.pizza", "pk": 7, "fields": {"nom": "Bolognese", "image": "", "prix": 9.5, "vegetarienne": false, "suggestion": false, "ingredient": [2, 3, 4], "allergene": [1, 5]}}, {"model": "menu.pizza", "pk": 8, "fields": {"nom": "Napoli", "image": "napoli.jpeg", "prix": 9.5, "vegetarienne": false, "suggestion": false, "ingredient": [1, 2, 3, 5, 6], "allergene": [1, 4, 5]}}, {"model": "menu.pizza", "pk": 9, "fields": {"nom": "Prosciutto", "image": "prosciutto.jpeg", "prix": 9.5, "vegetarienne": false, "suggestion": false, "ingredient": [1, 2, 3, 7], "allergene": [1, 5]}}, {"model": "menu.pizza", "pk": 10, "fields": {"nom": "Funghi", "image": "funghi.jpeg", "prix": 9.5, "vegetarienne": false, "suggestion": false, "ingredient": [1, 2, 3, 8], "allergene": [1, 5]}}, {"model": "menu.pizza", "pk": 11, "fields": {"nom": "Salami", "image": "salami.jpeg", "prix": 10.0, "vegetarienne": false, "suggestion": false, "ingredient": [1, 2, 3, 9], "allergene": [1, 5]}}, {"model": "menu.pizza", "pk": 12, "fields": {"nom": "Sole Mio", "image": "Sole_mio.jpeg", "prix": 10.0, "vegetarienne": false, "suggestion": false, "ingredient": [1, 2, 3, 7, 10], "allergene": [1, 3, 5]}}, {"model": "menu.pizza", "pk": 13, "fields": {"nom": "Hawaï", "image": "hawai.jpeg", "prix": 10.0, "vegetarienne": false, "suggestion": false, "ingredient": [1, 2, 3, 7, 11], "allergene": [1, 5]}}, {"model": "menu.pizza", "pk": 14, "fields": {"nom": "Viennese", "image": "viennese.jpeg", "prix": 10.0, "vegetarienne": false, "suggestion": false, "ingredient": [1, 2, 3, 12, 13], "allergene": [1, 5]}}, {"model": "menu.pizza", "pk": 15, "fields": {"nom": "Regina", "image": "regina.jpeg", "prix": 10.0, "vegetarienne": false, "suggestion": false, "ingredient": [1, 2, 3, 7, 8], "allergene": [1, 5]}}, {"model": "menu.pizza", "pk": 16, "fields": {"nom": "Capricciosa", "image": "", "prix": 11.0, "vegetarienne": false, "suggestion": false, "ingredient": [1, 2, 3, 6, 7, 8, 14], "allergene": [1, 4, 5]}}, {"model": "menu.pizza", "pk": 17, "fields": {"nom": "4 Stagioni", "image": "4_saisons.jpeg", "prix": 11.0, "vegetarienne": false, "suggestion": false, "ingredient": [1, 2, 3, 7, 8, 9, 15], "allergene": [1, 5]}}, {"model": "menu.pizza", "pk": 18, "fields": {"nom": "4 Formaggi", "image": "4_from.jpeg", "prix": 11.0, "vegetarienne": false, "suggestion": false, "ingredient": [1, 2, 3, 16, 17, 18], "allergene": [1, 5]}}, {"model": "menu.pizza", "pk": 19, "fields": {"nom": "Al Capone", "image": "al_capone.jpeg", "prix": 11.0, "vegetarienne": false, "suggestion": false, "ingredient": [1, 2, 3, 6, 7, 19, 20, 21], "allergene": [1, 3, 4, 5]}}, {"model": "menu.pizza", "pk": 20, "fields": {"nom": "Ortolana", "image": "ortolana.jpeg", "prix": 11.0, "vegetarienne": false, "suggestion": false, "ingredient": [1, 2, 3, 13, 22, 23], "allergene": [1, 5]}}, {"model": "menu.pizza", "pk": 21, "fields": {"nom": "Al Tonno", "image": "al_tonno.jpeg", "prix": 11.5, "vegetarienne": false, "suggestion": false, "ingredient": [1, 2, 3, 13, 24], "allergene": [1, 4, 5]}}, {"model": "menu.pizza", "pk": 22, "fields": {"nom": "Calzone (pizza fermée)", "image": "calzone.jpeg", "prix": 10.5, "vegetarienne": false, "suggestion": false, "ingredient": [1, 2, 3, 7, 8, 10], "allergene": [1, 3, 5]}}, {"model": "menu.pizza", "pk": 23, "fields": {"nom": "Luca", "image": "luca.jpeg", "prix": 11.0, "vegetarienne": false, "suggestion": false, "ingredient": [1, 2, 3, 7, 9, 13, 21], "allergene": [1, 3, 5]}}, {"model": "menu.pizza", "pk": 24, "fields": {"nom": "Emilio", "image": "emilio.jpeg", "prix": 11.0, "vegetarienne": false, "suggestion": false, "ingredient": [1, 2, 3, 7, 13, 25], "allergene": [1, 5]}}, {"model": "menu.pizza", "pk": 25, "fields": {"nom": "Salmone", "image": "salmone.jpeg", "prix": 12.0, "vegetarienne": false, "suggestion": false, "ingredient": [1, 2, 3, 20, 26], "allergene": [1, 4, 5]}}, {"model": "menu.pizza", "pk": 26, "fields": {"nom": "Chorizo", "image": "chorizo.jpeg", "prix": 11.0, "vegetarienne": false, "suggestion": false, "ingredient": [1, 2, 3, 19, 27], "allergene": [1, 5]}}, {"model": "menu.pizza", "pk": 27, "fields": {"nom": "Valentino", "image": "", "prix": 11.0, "vegetarienne": false, "suggestion": false, "ingredient": [1, 2, 28], "allergene": [1, 5]}}, {"model": "menu.pizza", "pk": 28, "fields": {"nom": "Chèvre", "image": "chevre.jpeg", "prix": 11.0, "vegetarienne": false, "suggestion": false, "ingredient": [1, 2, 3, 29, 30, 31], "allergene": [1, 5]}}, {"model": "menu.pizza", "pk": 29, "fields": {"nom": "Donatella", "image": "dona.jpeg", "prix": 11.0, "vegetarienne": false, "suggestion": false, "ingredient": [1, 2, 32, 33, 34], "allergene": [1, 5]}}, {"model": "menu.pizza", "pk": 30, "fields": {"nom": "Frutti Di Mare", "image": "fruits_de_mer.jpeg", "prix": 12.0, "vegetarienne": false, "suggestion": false, "ingredient": [1, 2, 3, 35, 36, 37], "allergene": [1, 2, 4, 5]}}, {"model": "menu.pizza", "pk": 31, "fields": {"nom": "Sara", "image": "sara.jpeg", "prix": 11.0, "vegetarienne": false, "suggestion": false, "ingredient": [2, 3, 6, 13, 38, 39], "allergene": [1, 4, 5]}}, {"model": "menu.pizza", "pk": 32, "fields": {"nom": "Merguez", "image": "merguez.jpeg", "prix": 11.5, "vegetarienne": false, "suggestion": false, "ingredient": [1, 2, 3, 19, 40], "allergene": [1, 5]}}, {"model": "menu.pizza", "pk": 33, "fields": {"nom": "Maria", "image": "maria.jpeg", "prix": 11.5, "vegetarienne": false, "suggestion": false, "ingredient": [1, 2, 3, 22, 41], "allergene": [1, 5]}}, {"model": "menu.pizza", "pk": 34, "fields": {"nom": "Forestière", "image": "forestiere.jpeg", "prix": 11.5, "vegetarienne": false, "suggestion": false, "ingredient": [1, 2, 3, 8, 13, 30], "allergene": [1, 5]}}, {"model": "menu.pizza", "pk": 35, "fields": {"nom": "Nicola", "image": "nicola.jpeg", "prix": 11.5, "vegetarienne": false, "suggestion": false, "ingredient": [2, 3, 54, 55], "allergene": [1, 5]}}, {"model": "menu.pizza", "pk": 36, "fields": {"nom": "Mare E Monte", "image": "maria_e_monte.jpeg", "prix": 13.0, "vegetarienne": false, "suggestion": false, "ingredient": [1, 2, 3, 8, 48], "allergene": [1, 2, 5, 7]}}, {"model": "menu.pizza", "pk": 37, "fields": {"nom": "San Daniele", "image": "san_daniele.jpeg", "prix": 12.5, "vegetarienne": false, "suggestion": false, "ingredient": [1, 2, 3, 39, 41], "allergene": [1, 5]}}, {"model": "menu.pizza", "pk": 38, "fields": {"nom": "Barbecue", "image": "bbq.jpeg", "prix": 12.5, "vegetarienne": false, "suggestion": false, "ingredient": [2, 3, 13, 30, 56, 57], "allergene": [1, 5]}}, {"model": "menu.pizza", "pk": 39, "fields": {"nom": "Carbonara", "image": "carbonara.jpeg", "prix": 12.0, "vegetarienne": false, "suggestion": false, "ingredient": [2, 23, 53, 58, 59, 60], "allergene": [1, 3, 5]}}, {"model": "menu.pizza", "pk": 40, "fields": {"nom": "Boss", "image": "boss.jpeg", "prix": 12.5, "vegetarienne": false, "suggestion": false, "ingredient": [1, 2, 3, 5, 13, 19, 20, 57], "allergene": [1, 5]}}, {"model": "menu.pizza", "pk": 41, "fields": {"nom": "Alla Rucola", "image": "alla_rucola.jpeg", "prix": 12.5, "vegetarienne": false, "suggestion": false, "ingredient": [1, 2, 3, 23, 32, 41, 42, 43], "allergene": [1, 5]}}, {"model": "menu.pizza", "pk": 42, "fields": {"nom": "Gyros", "image": "gyros.jpeg", "prix": 12.5, "vegetarienne": false, "suggestion": false, "ingredient": [1, 2, 3, 13, 19, 20, 44], "allergene": [1, 5]}}, {"model": "menu.pizza", "pk": 43, "fields": {"nom": "Tartiflette", "image": "tartiflette.jpeg", "prix": 12.5, "vegetarienne": false, "suggestion": false, "ingredient": [2, 3, 30, 38, 45, 46], "allergene": [1, 5]}}, {"model": "menu.pizza", "pk": 44, "fields": {"nom": "Royale", "image": "", "prix": 12.5, "vegetarienne": false, "suggestion": false, "ingredient": [1, 2, 3, 26, 35, 47, 48], "allergene": [1, 2, 4, 5, 7]}}, {"model": "menu.pizza", "pk": 45, "fields": {"nom": "Scampis", "image": "scampis.jpeg", "prix": 12.5, "vegetarienne": false, "suggestion": false, "ingredient": [1, 2, 3, 20, 47], "allergene": [1, 2, 5]}}, {"model": "menu.pizza", "pk": 46, "fields": {"nom": "Leandro", "image": "leandro.jpeg", "prix": 12.5, "vegetarienne": false, "suggestion": false, "ingredient": [1, 2, 3, 11, 49], "allergene": [1, 5]}}, {"model": "menu.pizza", "pk": 47, "fields": {"nom": "Al Pistacchio", "image": "", "prix": 12.5, "vegetarienne": false, "suggestion": false, "ingredient": [2, 7, 13, 50], "allergene": [1, 5, 8]}}, {"model": "menu.pizza", "pk": 48, "fields": {"nom": "Del Sole", "image": "del_sole.jpeg", "prix": 13.0, "vegetarienne": false, "suggestion": false, "ingredient": [1, 2, 23, 42, 51, 52, 53], "allergene": [1, 5]}}, {"model": "menu.pizza", "pk": 49, "fields": {"nom": "Pizza burger", "image": "burger.jpeg", "prix": 13.0, "vegetarienne": false, "suggestion": true, "ingredient": [2, 13, 27, 56, 61, 62], "allergene": [1, 5]}}, {"model": "menu.pizza", "pk": 50, "fields": {"nom": "kebab", "image": "kebab.jpeg", "prix": 0.0, "vegetarienne": false, "suggestion": true, "ingredient": [2, 13, 63, 64, 65, 66, 67], "allergene": [1, 5]}}, {"model": "menu.pizza", "pk": 51, "fields": {"nom": "Del Sud", "image": "", "prix": 0.0, "vegetarienne": false, "suggestion": true, "ingredient": [1, 2, 13, 14, 34, 65, 68, 69], "allergene": [1, 5]}}, {"model": "menu.pates", "pk": 1, "fields": {"nom": "Bolognèse", "image": "", "prix": 9.5, "allergene": [1]}}, {"model": "menu.pates", "pk": 2, "fields": {"nom": "Napoli", "image": "", "prix": 9.5, "allergene": [1]}}, {"model": "menu.pates", "pk": 3, "fields": {"nom": "Jambon crème", "image": "", "prix": 10.0, "allergene": [1, 5]}}, {"model": "menu.pates", "pk": 4, "fields": {"nom": "Carbonara", "image": "", "prix": 10.0, "allergene": [1, 5]}}, {"model": "menu.pates", "pk": 5, "fields": {"nom": "Fruits de mer", "image": "", "prix": 11.0, "allergene": [1, 2]}}, {"model": "menu.pates", "pk": 6, "fields": {"nom": "Scampis", "image": "", "prix": 12.0, "allergene": [1, 2, 5]}}, {"model": "menu.pates", "pk": 7, "fields": {"nom": "Al Salmone", "image": "", "prix": 12.0, "allergene": [1, 4, 5]}}, {"model": "menu.pates", "pk": 8, "fields": {"nom": "Crevettes", "image": "", "prix": 12.0, "allergene": [1, 2, 5]}}, {"model": "menu.pates", "pk": 9, "fields": {"nom": "4 Fromages", "image": "", "prix": 10.0, "allergene": [1, 5]}}, {"model": "menu.pates", "pk": 10, "fields": {"nom": "Lasagne Maison", "image": "", "prix": 11.5, "allergene": [1, 5]}}, {"model": "menu.pates", "pk": 11, "fields": {"nom": "Al Pistacchio", "image": "", "prix": 11.5, "allergene": [1, 5, 8]}}, {"model": "menu.pates", "pk": 12, "fields": {"nom": "Terre et mer", "image": "", "prix": 11.5, "allergene": [1, 2]}}, {"model": "menu.dessert", "pk": 1, "fields": {"nom": "Tiramisu", "image": "dessert_tiramisu.jpeg", "prix": 4.0, "allergene": [1, 3, 5]}}, {"model": "menu.dessert", "pk": 2, "fields": {"nom": "Tiramisu Speculoos", "image": "dessert_tiramisu_speculoos.jpeg", "prix": 4.0, "allergene": [1, 3, 5]}}, {"model": "menu.dessert", "pk": 3, "fields": {"nom": "Mousse au chocolat", "image": "dessert_mousse.jpeg", "prix": 4.0, "allergene": [1, 3]}}, {"model": "menu.dessert", "pk": 4, "fields": {"nom": "Mini pizza Nutella", "image": "", "prix": 5.5, "allergene": [1, 5]}}, {"model": "menu.boisson", "pk": 1, "fields": {"nom": "Coca-cola", "image": "", "prix": 2.0, "allergene": []}}, {"model": "menu.boisson", "pk": 2, "fields": {"nom": "Coca-cola zéro", "image": "", "prix": 2.0, "allergene": []}}, {"model": "menu.boisson", "pk": 3, "fields": {"nom": "Fanta", "image": "", "prix": 2.0, "allergene": []}}, {"model": "menu.boisson", "pk": 4, "fields": {"nom": "Sprite", "image": "", "prix": 2.0, "allergene": []}}, {"model": "menu.boisson", "pk": 5, "fields": {"nom": "Ice Tea", "image": "", "prix": 2.0, "allergene": []}}, {"model": "menu.boisson", "pk": 6, "fields": {"nom": "Jupiler", "image": "", "prix": 2.0, "allergene": []}}, {"model": "menu.boisson", "pk": 7, "fields": {"nom": "Vin Rouge", "image": "", "prix": 12.0, "allergene": [6]}}, {"model": "menu.boisson", "pk": 8, "fields": {"nom": "Vin rosé", "image": "", "prix": 12.0, "allergene": [6]}}, {"model": "menu.boisson", "pk": 9, "fields": {"nom": "Vin blanc", "image": "", "prix": 12.0, "allergene": [6]}}]